{"cameraMode":{"drawMode":0,"name":"Shaded","section":"Shading Mode"},"sceneLighting":true,"audioPlay":false,"sceneViewState":{"showFog":true,"showMaterialUpdate":false,"showSkybox":false,"showFlares":true,"showImageEffects":true,"showParticleSystems":true},"in2DMode":false,"pivot":{"x":0.0,"y":3.11769437789917,"z":-0.18606609106063844},"rotation":{"x":-0.15543030202388764,"y":0.7472283840179443,"z":-0.18786418437957765,"w":-0.6182227730751038},"size":12.261734008789063,"orthographic":false}