{"cameraMode":{"drawMode":0,"name":"Shaded","section":"Shading Mode"},"sceneLighting":false,"audioPlay":false,"sceneViewState":{"showFog":true,"showMaterialUpdate":false,"showSkybox":false,"showFlares":true,"showImageEffects":true,"showParticleSystems":true},"in2DMode":false,"pivot":{"x":-5.960464477539063e-8,"y":0.6455075740814209,"z":-0.04838055372238159},"rotation":{"x":-0.057692497968673709,"y":0.9390785694122315,"z":-0.1960473507642746,"w":-0.2763502299785614},"size":2.8922278881073,"orthographic":false}